Rang,Name,1970,1980,1990,2000,2010,2020,2022,Bundesland

1.,Berlin,3.208.719,3.048.759,3.433.695,3.382.169,3.460.725,3.664.088,3.755.251,Berlin

2.,Hamburg,1.793.640,1.645.095,1.652.363,1.715.392,1.786.448,1.852.478,1.892.122,Hamburg

3.,München,1.311.978,1.298.941,1.229.026,1.210.223,1.353.186,1.488.202,1.512.491,Bayern

4.,Köln,849.451,976.694,953.551,962.884,1.007.119,1.083.498,1.084.831,Nordrhein-Westfalen

5.,Frankfurt am Main,666.179,629.375,644.865,646.550,679.664,764.104,773.068,Hessen

6.,Stuttgart,634.202,580.648,579.988,583.874,606.588,630.305,632.865,Baden-Württemberg

7.,Düsseldorf,660.963,590.479,575.794,569.364,588.735,620.523,629.047,Nordrhein-Westfalen

8.,Leipzig,583.885,562.480,511.079,493.208,522.883,597.493,616.093,Sachsen

9.,Dortmund,640.642,608.297,599.055,588.994,580.444,587.696,593.317,Nordrhein-Westfalen

10.,Essen,696.419,647.643,626.973,595.243,574.635,582.415,584.580,Nordrhein-Westfalen

11.,Bremen,592.533,555.118,551.219,539.403,547.340,566.573,569.396,Bremen

12.,Dresden,502.432,516.225,490.571,477.807,523.058,556.227,563.311,Sachsen

13.,Hannover,521.003,534.623,513.010,515.001,522.686,534.049,545.045,Niedersachsen

14.,Nürnberg,478.181,484.405,493.692,488.400,505.664,515.543,523.026,Bayern

15.,Duisburg,452.721,558.089,535.447,514.915,489.559,495.885,502.211,Nordrhein-Westfalen

16.,Bochum,343.809,400.757,396.486,391.147,374.737,364.454,365.742,Nordrhein-Westfalen

17.,Wuppertal,417.694,393.381,383.660,366.434,349.721,355.004,358.876,Nordrhein-Westfalen

18.,Bielefeld,168.609,312.708,319.037,321.758,323.270,333.509,338.332,Nordrhein-Westfalen

19.,Bonn,275.722,288.148,292.234,302.247,324.899,330.579,336.465,Nordrhein-Westfalen

20.,Münster,198.878,269.696,259.438,265.609,279.803,316.403,320.946,Nordrhein-Westfalen

21.,Mannheim,332.378,304.303,310.411,306.729,313.174,309.721,315.554,Baden-Württemberg

22.,Karlsruhe,259.091,271.892,275.061,278.558,294.761,308.436,308.707,Baden-Württemberg

23.,Augsburg,213.230,248.346,256.877,254.982,264.708,295.830,301.033,Bayern

24.,Wiesbaden,250.715,274.464,260.301,270.109,275.976,278.609,283.083,Hessen

25.,Mönchengladbach,151.085,258.424,259.436,263.014,257.993,259.665,268.465,Nordrhein-Westfalen

26.,Gelsenkirchen,347.074,304.386,293.714,278.695,257.981,259.105,263.000,Nordrhein-Westfalen

27.,Aachen,175.451,243.947,241.861,244.386,258.664,248.878,252.136,Nordrhein-Westfalen

28.,Braunschweig,223.275,261.141,258.833,245.816,248.867,248.561,251.804,Niedersachsen

29.,Chemnitz.mw-parser-output .fussnoten-marke{font-size:0.75rem;font-style:normal;font-variant:normal;font-weight:normal;unicode-bidi:isolate;white-space:nowrap}.mw-parser-output .fussnoten-marke.reference,.mw-parser-output span.fussnoten-inhalt{padding-left:0.1rem}.mw-parser-output .fussnoten-marke.reference~.fussnoten-marke.reference,.mw-parser-output span.fussnoten-inhalt~span.fussnoten-inhalt{padding-left:0.15rem}.mw-parser-output .fussnoten-block{margin-bottom:0.1rem}.mw-parser-output div.fussnoten-inhalt{display:inline-block;padding-left:0.8rem;text-indent:-0.8rem}.mw-parser-output div.fussnoten-inhalt p,.mw-parser-output div.fussnoten-inhalt dl,.mw-parser-output div.fussnoten-inhalt ol,.mw-parser-output div.fussnoten-inhalt ul{text-indent:0}.mw-parser-output div.fussnoten-inhalt.fussnoten-floatfix{display:block}.mw-parser-output .fussnoten-box{margin-top:0.5rem;padding-left:0.8rem}.mw-parser-output .fussnoten-box,.mw-parser-output div.fussnoten-inhalt{font-size:94%}.mw-parser-output .fussnoten-box div.fussnoten-inhalt,.mw-parser-output span.fussnoten-inhalt,.mw-parser-output .fussnoten-inhalt .mw-reference-text{font-size:inherit}.mw-parser-output .fussnoten-inhalt .mw-reference-text{display:inline}.mw-parser-output .fussnoten-linie{display:inline-block;position:relative;top:-1em;border-top:solid 1px #808080;width:8rem}.mw-parser-output .fussnoten-linie+p,.mw-parser-output .fussnoten-linie+dl,.mw-parser-output .fussnoten-linie+ol,.mw-parser-output .fussnoten-linie+ul,.mw-parser-output .fussnoten-linie+link+div{margin-top:-1em}.mw-parser-output .fussnoten-marke.reference:target,.mw-parser-output .fussnoten-inhalt:target{background-color:#eaf3ff;box-shadow:0 0 0 0.25em #eaf3ff}.mw-parser-output .fussnoten-marke.reference:target,.mw-parser-output .fussnoten-inhalt:target .fussnoten-marke{font-weight:bold}⁠1,299.411,317.644,294.244,259.246,243.248,244.401,248.563,Sachsen

30.,Kiel,271.042,250.062,245.567,232.612,239.526,246.601,247.717,Schleswig-Holstein

31.,Halle (Saale),257.261,232.294,310.234,247.736,232.963,237.865,242.083,Sachsen-Anhalt

32.,Magdeburg,272.237,289.032,278.807,231.450,231.525,235.775,239.364,Sachsen-Anhalt

33.,Freiburg im Breisgau,163.568,175.106,191.029,205.102,224.191,230.940,236.140,Baden-Württemberg

34.,Krefeld,222.666,223.969,244.020,239.916,235.076,226.844,228.426,Nordrhein-Westfalen

35.,Mainz,174.858,187.392,179.486,182.870,199.237,217.123,220.552,Rheinland-Pfalz

36.,Lübeck,239.955,220.588,214.758,213.399,210.232,215.846,218.095,Schleswig-Holstein

37.,Erfurt,195.994,211.575,208.989,200.564,204.994,213.692,214.969,Thüringen

38.,Oberhausen,246.199,228.947,223.840,222.151,212.945,209.566,210.824,Nordrhein-Westfalen

39.,Rostock,198.636,232.506,248.088,200.506,202.735,209.061,209.920,Mecklenburg-Vorpommern

40.,Kassel,214.785,195.912,194.268,194.766,195.530,201.048,204.202,Hessen

41.,Hagen,201.042,218.927,214.449,203.151,188.529,188.687,189.783,Nordrhein-Westfalen

42.,Potsdam,111.336,130.900,139.794,129.324,156.906,182.112,185.750,Brandenburg

43.,Saarbrücken,128.251,193.554,191.694,183.257,175.741,179.349,181.959,Saarland

44.,Hamm,84.629,171.869,179.639,182.427,181.783,178.967,180.849,Nordrhein-Westfalen

45.,Ludwigshafen am Rhein,176.257,159.399,162.233,163.383,164.351,172.557,174.265,Rheinland-Pfalz

46.,Oldenburg,131.545,136.764,143.131,154.832,162.173,169.605,172.830,Niedersachsen

47.,Mülheim an der Ruhr,192.183,181.279,177.681,172.862,167.344,170.921,172.404,Nordrhein-Westfalen

48.,Osnabrück,144.864,157.367,163.168,164.101,164.119,164.223,167.366,Niedersachsen

49.,Leverkusen,107.626,160.825,160.919,161.047,160.772,163.905,165.748,Nordrhein-Westfalen

50.,Heidelberg,121.398,133.227,136.796,140.259,147.312,158.741,162.273,Baden-Württemberg

51.,Darmstadt,141.847,138.201,138.920,138.242,144.402,159.174,162.243,Hessen

52.,Solingen,177.124,166.085,165.401,164.973,159.927,159.193,160.643,Nordrhein-Westfalen

53.,Regensburg,130.888,132.604,121.691,125.676,135.520,152.270,157.443,Bayern

54.,Herne,103.849,182.542,178.132,174.529,164.762,156.940,157.368,Nordrhein-Westfalen

55.,Paderborn,68.207,110.155,120.680,139.084,146.283,151.864,154.755,Nordrhein-Westfalen

56.,Neuss,116.013,149.334,147.019,150.013,151.388,153.109,154.139,Nordrhein-Westfalen

57.,Ingolstadt,70.594,90.490,105.489,115.722,125.088,136.952,141.029,Bayern

58.,Offenbach am Main,118.841,110.993,114.992,117.535,120.435,130.892,134.170,Hessen

59.,Fürth,94.415,99.088,103.362,110.477,114.628,128.223,131.433,Bayern

60.,Ulm,93.158,100.671,110.529,117.233,122.801,126.405,128.928,Baden-Württemberg

61.,Heilbronn,102.300,111.938,115.843,119.305,122.879,126.458,128.334,Baden-Württemberg

62.,Pforzheim,91.104,106.500,112.944,117.156,119.781,126.016,127.849,Baden-Württemberg

63.,Würzburg,116.395,128.652,127.777,127.966,133.799,126.954,127.810,Bayern

64.,Wolfsburg,90.115,125.935,128.510,121.805,121.451,123.840,125.961,Niedersachsen

65.,Göttingen,109.892,129.656,121.831,124.132,121.060,116.845,118.946,Niedersachsen

66.,Bottrop,106.225,114.571,118.936,120.611,116.771,117.388,118.113,Nordrhein-Westfalen

67.,Reutlingen,79.705,95.456,103.687,110.650,112.484,116.031,117.547,Baden-Württemberg

68.,Erlangen,85.061,101.845,102.440,100.778,105.629,112.385,116.562,Bayern

69.,Bremerhaven,142.919,138.728,130.446,120.822,113.366,113.557,115.468,Bremen

70.,Koblenz,120.079,113.676,108.733,107.950,106.417,113.388,115.268,Rheinland-Pfalz

71.,Bergisch Gladbach,50.228,101.472,104.037,105.693,105.723,111.636,112.712,Nordrhein-Westfalen

72.,Remscheid,136.822,129.082,123.155,119.287,110.563,111.516,112.613,Nordrhein-Westfalen

73.,Trier,103.598,95.536,97.835,99.410,105.260,110.674,112.195,Rheinland-Pfalz

74.,Recklinghausen,125.369,119.418,125.060,124.785,118.365,110.705,111.734,Nordrhein-Westfalen

75.,Jena,88.130,103.718,102.518,99.893,105.129,110.731,111.191,Thüringen

76.,Moers,53.410,99.923,104.595,107.062,105.506,103.487,105.287,Nordrhein-Westfalen

77.,Salzgitter,119.031,113.600,114.355,112.302,102.394,103.866,104.548,Niedersachsen

78.,Siegen,57.563,112.320,109.174,108.476,103.424,101.943,102.560,Nordrhein-Westfalen

79.,Gütersloh,75.912,78.221,86.807,95.158,96.404,100.664,102.393,Nordrhein-Westfalen

80.,Hildesheim,93.373,102.619,105.291,103.909,102.794,101.055,101.858,Niedersachsen

81.,Hanau,55.492,86.402,86.913,88.294,88.637,97.137,101.364,Hessen

82.,Kaiserslautern,100.696,98.745,99.351,99.825,99.184,99.662,101.228,Rheinland-Pfalz

83.,Cottbus,83.444,113.479,125.891,108.491,102.091,98.693,99.515,Brandenburg

84.,Schwerin,97.389,121.175,127.447,101.267,95.220,95.609,98.596,Mecklenburg-Vorpommern

85.,Witten,97.687,105.876,105.403,103.196,98.233,95.876,95.897,Nordrhein-Westfalen

86.,Esslingen am Neckar,87.371,90.835,91.685,89.667,91.869,92.772,94.941,Baden-Württemberg

87.,Ludwigsburg,78.111,81.589,82.343,87.146,87.735,93.358,94.157,Baden-Württemberg

88.,Gießen,75.532,76.374,74.497,73.138,77.366,90.131,94.146,Hessen

89.,Gera,111.535,125.383,129.037,112.835,99.262,92.126,93.634,Thüringen

90.,Düren,53.755,85.913,86.508,91.801,92.820,91.272,93.207,Nordrhein-Westfalen

91.,Tübingen,55.168,73.132,80.372,81.128,88.358,91.077,92.811,Baden-Württemberg

92.,Flensburg,95.366,87.862,86.977,84.281,88.759,89.934,92.550,Schleswig-Holstein

93.,Iserlohn,57.321,93.823,96.314,98.790,94.966,91.815,92.540,Nordrhein-Westfalen

94.,Villingen-Schwenningen⁠3,37.999,78.904,78.218,80.891,81.022,85.686,88.213,Baden-Württemberg

95.,Ratingen,44.479,89.466,91.007,91.437,91.088,86.899,87.388,Nordrhein-Westfalen

96.,Zwickau,126.988,122.129,114.632,103.008,93.750,87.516,87.172,Sachsen

97.,Lünen,71.826,85.872,87.845,92.017,87.530,85.838,86.868,Nordrhein-Westfalen

98.,Konstanz,61.614,68.305,75.089,78.087,84.693,84.446,85.859,Baden-Württemberg

99.,Worms,77.064,73.603,76.503,80.361,81.736,83.459,84.646,Rheinland-Pfalz

100.,Marl,76.999,89.082,91.467,93.256,87.557,84.312,84.331,Nordrhein-Westfalen

101.,Minden,48.860,77.713,78.145,83.079,82.114,81.592,83.076,Nordrhein-Westfalen

102.,Velbert,55.610,93.056,89.253,89.782,84.033,81.564,82.445,Nordrhein-Westfalen

103.,Norderstedt,55.770,65.301,68.450,71.523,71.992,79.115,81.880,Schleswig-Holstein

104.,Bamberg,70.384,71.928,70.521,69.036,70.004,76.674,79.935,Bayern

105.,Dessau-Roßlau⁠2,98.402,102.529,96.754,83.153,86.906,79.354,79.655,Sachsen-Anhalt

106.,Neumünster,86.133,80.145,80.743,79.831,76.830,79.905,79.502,Schleswig-Holstein

107.,Delmenhorst,63.870,72.370,75.154,76.644,74.361,77.503,78.385,Niedersachsen

108.,Viersen,85.698,81.114,77.453,77.130,75.360,77.376,78.208,Nordrhein-Westfalen

109.,Rheine,50.076,71.432,70.452,75.886,76.530,76.123,77.893,Nordrhein-Westfalen

110.,Marburg,47.230,76.419,74.146,77.390,80.656,76.401,77.845,Hessen

111.,Lüneburg,59.763,62.225,61.870,67.398,72.983,75.301,76.837,Niedersachsen

112.,Dorsten,39.551,70.287,78.035,81.063,76.775,74.515,76.720,Nordrhein-Westfalen

113.,Troisdorf,51.941,58.618,64.430,72.678,75.369,74.994,76.251,Nordrhein-Westfalen

114.,Wilhelmshaven,102.978,99.230,90.561,85.287,81.324,75.189,76.089,Niedersachsen

115.,Gladbeck,83.132,79.747,80.267,77.789,75.253,75.518,75.889,Nordrhein-Westfalen

116.,Landshut,52.425,55.796,59.066,58.746,63.258,73.065,75.457,Bayern

117.,Detmold,63.684,67.612,70.074,73.695,72.758,74.097,75.089,Nordrhein-Westfalen

118.,Bayreuth,64.185,70.633,72.345,74.153,72.683,74.048,74.506,Bayern

119.,Arnsberg,22.398,78.056,75.864,77.473,74.227,73.487,74.323,Nordrhein-Westfalen

120.,Castrop-Rauxel,83.901,78.877,79.037,78.608,75.408,73.126,73.795,Nordrhein-Westfalen

121.,Brandenburg an der Havel,93.983,94.953,89.889,77.516,71.778,72.040,73.609,Brandenburg

122.,Aschaffenburg,55.119,59.257,64.098,67.592,68.678,70.858,72.444,Bayern

123.,Bocholt,49.244,65.352,68.936,72.138,73.170,71.061,71.930,Nordrhein-Westfalen

124.,Lüdenscheid,79.086,74.578,79.401,80.613,75.463,71.911,71.865,Nordrhein-Westfalen

125.,Celle,57.130,72.820,72.260,72.127,70.242,69.399,70.138,Niedersachsen

126.,Kempten (Allgäu),44.884,57.376,61.906,61.389,62.060,68.940,70.056,Bayern

127.,Fulda,45.187,57.035,56.289,62.510,64.349,67.980,69.968,Hessen

128.,Lippstadt,41.743,61.927,62.345,66.933,66.976,67.793,68.890,Nordrhein-Westfalen

129.,Aalen,37.066,63.030,64.781,66.066,66.113,68.361,68.816,Baden-Württemberg

130.,Dinslaken,55.241,59.473,65.313,70.714,69.472,67.338,67.762,Nordrhein-Westfalen

131.,Herford,65.422,62.881,63.893,65.083,64.088,66.495,67.459,Nordrhein-Westfalen

132.,Rüsselsheim am Main,60.911,60.974,59.430,59.357,60.294,65.972,67.277,Hessen

133.,Kerpen,10.608,54.725,57.337,63.135,64.602,65.802,67.239,Nordrhein-Westfalen

134.,Neuwied,62.666,60.485,62.075,67.057,64.318,64.860,65.986,Rheinland-Pfalz

135.,Weimar,63.634,63.709,60.326,62.425,65.479,65.098,65.620,Thüringen

136.,Dormagen,30.869,56.645,58.260,62.957,62.961,64.500,65.147,Nordrhein-Westfalen

137.,Sindelfingen,41.967,54.808,58.805,60.766,60.445,64.595,64.995,Baden-Württemberg

138.,Plauen,82.026,78.828,71.774,71.543,66.098,64.014,64.763,Sachsen

139.,Grevenbroich,27.698,60.317,60.835,64.688,63.891,63.941,64.596,Nordrhein-Westfalen

140.,Rosenheim,37.078,51.604,56.340,58.908,61.299,63.591,64.403,Bayern

141.,Neubrandenburg,46.087,79.006,89.284,73.318,65.282,63.372,63.989,Mecklenburg-Vorpommern

142.,Friedrichshafen,43.651,52.080,54.129,57.213,59.002,61.221,62.932,Baden-Württemberg

143.,Herten,52.966,69.247,69.245,66.930,62.235,61.860,62.473,Nordrhein-Westfalen

144.,Bergheim,10.493,54.064,58.146,63.526,62.129,61.860,62.376,Nordrhein-Westfalen

145.,Schwäbisch Gmünd,44.385,56.901,60.081,62.188,59.654,61.216,62.325,Baden-Württemberg

146.,Offenburg,33.066,50.486,52.964,56.891,59.215,60.388,61.670,Baden-Württemberg

147.,Garbsen,26.444,57.522,60.776,63.269,61.790,61.021,61.349,Niedersachsen

148.,Wesel,45.338,56.776,59.631,62.063,60.750,60.329,61.330,Nordrhein-Westfalen

149.,Neu-Ulm,27.925,47.415,46.264,50.188,53.504,58.841,61.043,Bayern

150.,Hürth,52.235,50.794,50.808,53.261,57.922,59.525,60.969,Nordrhein-Westfalen

151.,Unna,50.299,56.416,61.552,71.375,66.502,58.816,60.892,Nordrhein-Westfalen

152.,Langenfeld (Rheinland),44.217,47.027,53.455,58.429,59.160,59.112,59.783,Nordrhein-Westfalen

153.,Euskirchen,42.278,44.811,49.654,53.680,55.620,58.466,59.772,Nordrhein-Westfalen

154.,Greifswald,47.017,61.278,66.251,54.236,54.610,59.282,59.691,Mecklenburg-Vorpommern

155.,Stralsund,71.489,74.947,72.780,60.663,57.670,59.205,59.363,Mecklenburg-Vorpommern

156.,Göppingen,48.028,53.347,54.957,57.371,56.819,57.974,59.053,Baden-Württemberg

157.,Frankfurt (Oder),62.433,80.414,86.131,72.131,60.330,57.015,58.230,Brandenburg

158.,Hameln,47.201,58.390,58.539,58.807,57.771,57.276,57.905,Niedersachsen

159.,Meerbusch,46.904,49.876,52.104,55.175,54.318,56.479,57.422,Nordrhein-Westfalen

160.,Baden-Baden,37.185,49.142,51.849,52.627,54.445,55.449,57.025,Baden-Württemberg

161.,Görlitz,87.492,81.399,72.237,61.599,55.596,55.784,56.574,Sachsen

162.,Lingen (Ems),31.522,44.097,49.137,51.684,51.177,55.232,56.542,Niedersachsen

163.,Stolberg (Rheinland),39.704,57.550,57.231,58.682,57.474,56.377,56.455,Nordrhein-Westfalen

164.,Sankt Augustin,31.892,48.580,51.886,55.248,55.442,55.590,56.369,Nordrhein-Westfalen

165.,Waiblingen,24.195,45.114,48.387,51.362,52.900,55.526,56.081,Baden-Württemberg

166.,Eschweiler,38.666,53.478,54.675,55.090,55.505,56.172,56.049,Nordrhein-Westfalen

167.,Hilden,50.228,53.343,54.782,56.412,55.441,55.274,55.815,Nordrhein-Westfalen

168.,Pulheim,11.323,44.870,49.353,53.158,53.769,54.636,55.530,Nordrhein-Westfalen

169.,Langenhagen,35.474,46.764,47.432,49.432,52.583,54.684,55.367,Niedersachsen

170.,Nordhorn,44.470,48.492,49.359,51.968,53.052,53.839,55.242,Niedersachsen

171.,Bad Homburg vor der Höhe,42.066,51.221,51.820,52.838,52.229,54.092,54.996,Hessen

172.,Bad Salzuflen,49.571,51.248,53.771,55.028,53.893,54.166,54.808,Nordrhein-Westfalen

173.,Schweinfurt,58.178,52.445,54.483,54.325,53.415,53.319,54.675,Bayern

174.,Hattingen,59.392,57.373,58.241,58.329,55.510,54.278,54.637,Nordrhein-Westfalen

175.,Wetzlar,36.922,51.997,51.737,52.608,51.499,53.188,54.187,Hessen

176.,Neustadt an der Weinstraße,50.952,50.328,51.988,53.658,52.855,53.306,53.981,Rheinland-Pfalz

177.,Passau,30.758,50.698,50.328,50.536,50.594,52.415,53.907,Bayern

178.,Kleve,43.640,44.026,45.963,48.662,49.477,52.359,53.388,Nordrhein-Westfalen

179.,Ahlen,49.970,54.192,54.169,55.631,53.414,52.635,53.348,Nordrhein-Westfalen

180.,Frechen,31.337,43.483,44.360,47.019,49.939,51.947,52.811,Nordrhein-Westfalen

181.,Wolfenbüttel,40.527,50.256,52.032,54.690,53.427,52.121,52.681,Niedersachsen

182.,Bad Kreuznach,42.258,41.143,40.950,43.164,43.703,51.310,52.529,Rheinland-Pfalz

183.,Menden (Sauerland),30.109,53.337,56.527,59.239,55.496,52.452,52.485,Nordrhein-Westfalen

184.,Ibbenbüren,17.561,42.323,44.643,48.843,51.522,51.526,52.421,Nordrhein-Westfalen

185.,Gummersbach,44.880,48.660,50.965,53.311,51.309,50.978,52.001,Nordrhein-Westfalen

186.,Ravensburg,32.045,42.269,45.650,47.525,49.774,50.776,51.482,Baden-Württemberg

187.,Böblingen,36.127,41.505,44.903,45.838,46.488,50.121,51.460,Baden-Württemberg

188.,Peine,31.205,47.591,46.654,49.494,48.743,50.249,51.411,Niedersachsen

189.,Speyer,42.184,43.864,46.553,49.776,49.857,50.741,51.368,Rheinland-Pfalz

190.,Rastatt,29.915,37.297,42.241,46.437,47.554,50.165,51.310,Baden-Württemberg

191.,Elmshorn,41.262,41.439,43.689,47.391,48.924,49.948,50.772,Schleswig-Holstein

192.,Emden,48.595,51.186,50.735,50.963,51.616,49.874,50.535,Niedersachsen

193.,Goslar,40.051,52.556,46.251,44.278,40.989,50.184,50.203,Niedersachsen

194.,Willich,37.747,39.115,42.416,50.300,51.949,50.283,50.144,Nordrhein-Westfalen

195.,Heidenheim an der Brenz,49.853,48.585,50.532,51.301,48.164,49.342,50.025,Baden-Württemberg

196.,Erftstadt,36.578,43.208,45.403,50.689,50.553,50.060,49.882,Nordrhein-Westfalen

197.,Lörrach,33.995,41.355,42.500,45.412,48.380,49.295,49.876,Baden-Württemberg

198.,Gronau (Westf.),26.482,41.209,40.687,44.860,46.553,48.576,49.824,Nordrhein-Westfalen

199.,Leonberg,25.049,38.927,42.654,44.037,45.098,48.753,49.512,Baden-Württemberg

200.,Rheda-Wiedenbrück,36.943,37.944,38.327,44.932,47.316,48.672,49.486,Nordrhein-Westfalen

201.,Bad Oeynhausen,13.948,44.339,46.475,50.007,48.300,48.535,49.477,Nordrhein-Westfalen

202.,Singen (Hohentwiel),41.427,43.529,43.689,44.478,45.826,48.033,49.441,Baden-Württemberg

203.,Freising,29.569,34.577,37.046,40.890,45.223,48.872,49.339,Bayern

204.,Bergkamen,44.304,47.977,49.761,52.905,50.587,48.919,49.263,Nordrhein-Westfalen

205.,Straubing,37.826,42.674,41.715,44.014,44.450,47.612,49.164,Bayern

206.,Lahr/Schwarzwald,25.030,35.465,34.719,42.411,43.827,47.551,49.074,Baden-Württemberg

207.,Frankenthal (Pfalz),41.493,43.725,46.966,47.763,46.793,48.750,49.051,Rheinland-Pfalz

208.,Bornheim,31.420,34.293,35.858,45.407,48.531,48.348,49.025,Nordrhein-Westfalen

209.,Soest,37.671,40.791,42.602,48.520,48.579,47.206,48.607,Nordrhein-Westfalen

210.,Cuxhaven,47.185,58.666,56.090,53.391,50.492,48.326,48.562,Niedersachsen

211.,Stade,32.769,42.818,42.487,44.929,46.159,47.611,48.353,Niedersachsen

212.,Alsdorf,30.778,46.373,46.935,46.087,45.522,47.330,48.328,Nordrhein-Westfalen

213.,Dachau,32.929,33.950,35.387,38.398,42.506,47.680,48.195,Bayern

214.,Hennef (Sieg),26.053,29.224,32.521,42.711,46.114,47.544,48.002,Nordrhein-Westfalen

215.,Oranienburg,20.381,25.300,28.696,29.872,41.810,45.492,47.752,Brandenburg

216.,Landau in der Pfalz,31.437,36.522,37.274,41.122,43.615,46.685,47.610,Rheinland-Pfalz

217.,Dülmen,21.168,38.712,40.496,46.552,46.762,46.706,47.468,Nordrhein-Westfalen

218.,Melle,16.154,40.859,41.579,45.390,46.141,46.753,47.228,Niedersachsen

219.,Oberursel (Taunus),25.301,38.979,40.180,42.096,43.741,46.678,47.042,Hessen

220.,Herzogenrath,9.034⁠(a),42.722,44.284,46.853,46.708,46.225,46.941,Nordrhein-Westfalen

221.,Neunkirchen,43.411,51.992,51.536,50.882,47.398,46.037,46.882,Saarland

222.,Schwerte,24.402,47.810,50.696,50.834,48.259,46.124,46.658,Nordrhein-Westfalen

223.,Hof,54.058,53.180,52.913,50.741,46.286,45.173,46.656,Bayern

224.,Bruchsal,27.151,37.351,38.059,41.580,43.224,45.364,46.587,Baden-Württemberg

225.,Rodgau⁠6,10.035,35.736,40.088,43.123,43.283,46.005,46.426,Hessen

226.,Albstadt⁠5,22.446,48.152,49.021,48.155,44.974,45.472,46.422,Baden-Württemberg

227.,Filderstadt⁠4,11.311,37.300,38.498,41.924,44.348,45.958,46.188,Baden-Württemberg

228.,Bünde,40.403,40.056,40.508,44.582,44.786,45.376,46.030,Nordrhein-Westfalen

229.,Gotha,57.010,57.892,54.525,48.376,45.593,45.273,46.019,Thüringen

230.,Fellbach,29.000,41.383,40.930,42.822,44.665,45.430,45.896,Baden-Württemberg

231.,Memmingen,32.955,38.298,39.333,40.849,41.025,44.360,45.857,Bayern

232.,Kaufbeuren,38.918,42.013,40.432,41.905,41.843,44.662,45.792,Bayern

233.,Lutherstadt Wittenberg,47.323,53.870,49.682,48.972,49.496,45.425,45.535,Sachsen-Anhalt

234.,Weinheim,29.640,41.654,42.241,42.718,43.682,45.335,45.275,Baden-Württemberg

235.,Neustadt am Rübenberge,13.463,38.226,39.532,45.026,45.049,44.586,45.262,Niedersachsen

236.,Lehrte,21.940,38.371,40.350,43.872,43.259,44.154,44.823,Niedersachsen

237.,Falkensee,26.007,24.084,22.047,33.791,40.511,44.236,44.806,Brandenburg

238.,Brühl,40.975,42.895,41.829,43.839,44.260,43.673,44.804,Nordrhein-Westfalen

239.,Rottenburg am Neckar,13.083,31.770,36.006,40.987,42.501,43.756,44.653,Baden-Württemberg

240.,Pinneberg,34.987,36.683,37.518,39.423,42.508,43.503,44.279,Schleswig-Holstein

241.,Kaarst,15.929,38.127,40.508,42.158,42.001,43.615,44.253,Nordrhein-Westfalen

242.,Erkelenz,12.435,35.773,37.833,43.194,44.457,43.275,44.215,Nordrhein-Westfalen

243.,Wismar,56.287,57.455,55.509,47.031,44.397,42.963,43.878,Mecklenburg-Vorpommern

244.,Erkrath,20.141,43.703,47.659,48.767,45.963,43.878,43.856,Nordrhein-Westfalen

245.,Bietigheim-Bissingen⁠7,22.492,34.365,38.961,40.312,42.810,43.146,43.755,Baden-Württemberg

246.,Bernau bei Berlin,13.940,17.847,19.062,24.861,36.338,40.908,43.685,Brandenburg

247.,Gifhorn,23.405,33.154,38.678,42.943,41.558,42.939,43.625,Niedersachsen

248.,Borken,29.402,32.420,36.049,40.474,41.245,42.650,43.489,Nordrhein-Westfalen

249.,Heinsberg,10.854,36.436,37.305,41.318,40.760,42.476,43.476,Nordrhein-Westfalen

250.,Nettetal,36.838,37.302,38.820,41.871,41.736,42.438,43.095,Nordrhein-Westfalen

251.,Kamen,42.058,44.017,46.160,46.565,44.398,42.875,43.058,Nordrhein-Westfalen

252.,Weiden in der Oberpfalz,42.244,43.886,42.234,43.030,41.961,42.535,43.052,Bayern

253.,Monheim am Rhein,38.094,40.559,42.656,43.514,43.063,41.279,43.050,Nordrhein-Westfalen

254.,Aurich,11.880,34.647,36.856,40.278,40.572,42.268,42.970,Niedersachsen

255.,Laatzen,13.666,34.748,37.242,38.402,40.254,41.854,42.675,Niedersachsen

256.,Amberg,41.345,44.264,43.111,43.794,43.755,42.052,42.534,Bayern

257.,Seevetal⁠(*) ⁠9,6.030⁠(a),36.059,36.740,40.536,42.213,41.889,42.449,Niedersachsen

258.,Eisenach,50.918,50.571,45.220,44.442,42.750,41.970,42.408,Thüringen

259.,Homburg,32.497,41.847,43.696,45.769,43.808,41.790,42.297,Saarland

260.,Dreieich⁠10,22.789,39.076,38.965,40.114,40.484,41.996,42.260,Hessen

261.,Ansbach,33.219,38.183,37.893,40.165,40.253,41.681,42.221,Bayern

262.,Bensheim,27.675,32.964,35.056,38.557,39.729,40.791,42.089,Hessen

263.,Siegburg,33.667,34.616,35.441,37.638,39.746,41.669,42.049,Nordrhein-Westfalen

264.,Kirchheim unter Teck,28.921,32.136,35.842,38.796,39.859,40.774,41.907,Baden-Württemberg

265.,Schwäbisch Hall,23.665,31.562,32.226,35.456,37.137,40.679,41.898,Baden-Württemberg

266.,Coburg,42.671,45.633,44.246,42.756,41.076,40.842,41.842,Bayern

267.,Wunstorf,17.211,37.676,38.276,41.474,41.014,41.480,41.689,Niedersachsen

268.,Königswinter,31.357,34.983,35.013,38.891,40.771,41.122,41.495,Nordrhein-Westfalen

269.,Eberswalde⁠12,46.299,53.240,52.586,44.623,40.944,40.965,41.461,Brandenburg

270.,Nürtingen,21.432,35.680,38.337,39.040,40.364,41.154,41.403,Baden-Württemberg

271.,Germering,16.444,34.788,36.034,36.348,37.780,40.511,41.355,Bayern

272.,Nordhausen,44.547,47.038,46.422,45.633,44.296,40.969,41.339,Thüringen

273.,Hückelhoven⁠11,24.853,35.196,34.816,38.970,39.215,40.425,41.301,Nordrhein-Westfalen

274.,Schwabach,26.551,35.387,35.514,38.213,38.879,41.056,41.227,Bayern

275.,Buxtehude,22.799,31.631,32.276,36.699,39.748,40.026,40.919,Niedersachsen

276.,Buchholz in der Nordheide,13.996,28.521,31.489,35.916,38.735,40.091,40.810,Niedersachsen

277.,Neumarkt in der Oberpfalz,18.852,30.477,35.551,39.307,39.163,40.243,40.808,Bayern

278.,Pirmasens,55.211,49.876,47.680,45.212,40.384,40.176,40.682,Rheinland-Pfalz

279.,Lemgo,38.984,39.864,39.485,41.995,41.424,40.456,40.594,Nordrhein-Westfalen

280.,Freiberg,50.362,51.373,48.609,45.428,41.342,39.948,40.485,Sachsen

281.,Halberstadt,46.724,47.834,45.364,41.417,42.605,39.221,40.457,Sachsen-Anhalt

282.,Leinfelden-Echterdingen⁠13,12.488,35.263,34.940,35.667,37.222,40.161,40.420,Baden-Württemberg

283.,Hofheim am Taunus,18.705,33.197,35.277,37.441,38.253,39.905,40.371,Hessen

284.,Löhne,36.860,37.147,38.557,41.421,40.199,39.871,40.265,Nordrhein-Westfalen

285.,Ahaus,15.986,27.988,31.202,37.279,38.952,39.404,40.245,Nordrhein-Westfalen

286.,Schorndorf,20.979,33.631,37.687,38.645,39.236,39.785,40.204,Baden-Württemberg

287.,Völklingen,39.423,44.800,43.751,42.990,39.626,39.412,40.192,Saarland

288.,Maintal⁠15,16.429,36.916,36.336,38.179,37.962,39.307,39.815,Hessen

289.,Ostfildern⁠14,11.371,28.748,28.678,30.460,36.163,39.431,39.806,Baden-Württemberg

290.,Ettlingen,21.548,36.995,37.759,38.433,38.553,39.401,39.699,Baden-Württemberg

291.,Freital,42.103,46.149,40.033,40.129,39.275,39.405,39.558,Sachsen

292.,Neu-Isenburg,34.873,35.816,35.768,35.524,36.034,38.204,39.287,Hessen

293.,Niederkassel,20.616,25.996,29.240,34.613,37.552,38.512,39.281,Nordrhein-Westfalen

294.,Langen,29.891,28.826,31.992,35.208,35.570,38.524,39.217,Hessen

295.,Mettmann,30.623,36.676,38.998,38.708,39.300,38.749,39.134,Nordrhein-Westfalen

296.,Ilmenau,19.220,26.293,28.454,27.176,26.022,38.637,39.127,Thüringen

297.,Stendal,36.786,44.336,48.532,39.795,42.435,38.778,39.105,Sachsen-Anhalt

298.,Pirna,47.533,47.551,41.798,42.108,38.705,38.284,39.054,Sachsen

299.,Weißenfels,46.223,39.860,36.865,31.946,41.434,39.958,39.041,Sachsen-Anhalt

300.,Königs Wusterhausen,10.435,15.005,18.103,17.262,33.981,38.111,38.929,Brandenburg

301.,Kamp-Lintfort,38.429,37.961,39.019,39.982,38.394,37.635,38.665,Nordrhein-Westfalen

302.,Würselen,19.903,34.847,34.406,36.323,37.693,38.496,38.598,Nordrhein-Westfalen

303.,Papenburg,17.305,27.571,30.078,34.096,35.032,37.551,38.556,Niedersachsen

304.,Greven,26.653,28.743,31.010,34.217,36.044,37.709,38.207,Nordrhein-Westfalen

305.,Wesseling,25.948,29.005,30.710,34.931,35.116,36.731,38.192,Nordrhein-Westfalen

306.,Kehl,16.056,29.924,30.389,33.359,34.789,36.947,38.154,Baden-Württemberg

307.,Bautzen,43.818,48.277,48.588,43.353,40.573,38.006,38.140,Sachsen

308.,Haltern am See,15.272,30.965,34.025,36.776,37.763,37.845,38.117,Nordrhein-Westfalen

309.,Backnang,27.704,29.149,31.687,34.465,35.395,37.558,37.957,Baden-Württemberg

310.,Bitterfeld-Wolfen⁠8,29.232,22.933,17.988,16.507,45.171,37.568,37.894,Sachsen-Anhalt

311.,Fürstenfeldbruck,22.728,31.887,31.040,32.405,34.152,36.843,37.695,Bayern

312.,Warendorf,19.043,33.147,35.092,38.688,38.134,37.173,37.616,Nordrhein-Westfalen

313.,Tuttlingen,26.566,31.531,33.543,34.693,34.282,36.507,37.458,Baden-Württemberg

314.,Beckum,27.508,37.899,36.772,37.916,36.736,36.637,37.333,Nordrhein-Westfalen

315.,Cloppenburg,18.452,20.912,23.574,29.897,32.571,35.966,37.056,Niedersachsen

316.,Coesfeld,26.412,31.063,32.739,35.947,36.345,36.182,37.030,Nordrhein-Westfalen

317.,Suhl,31.661,48.429,54.731,48.025,38.776,36.395,37.009,Thüringen

318.,Erding,10.838,23.770,25.154,31.165,34.514,36.455,36.813,Bayern

319.,Sinsheim,8.056⁠(a),26.658,29.307,33.992,35.392,35.433,36.601,Baden-Württemberg

320.,Porta Westfalica⁠16,4.544⁠(a),34.538,35.061,36.182,35.122,35.734,36.374,Nordrhein-Westfalen

321.,Emsdetten,29.053,31.026,31.930,35.230,35.523,36.068,36.354,Nordrhein-Westfalen

322.,Winsen (Luhe),12.067,25.477,27.338,31.801,34.247,35.332,36.295,Niedersachsen

323.,Mühlhausen/Thüringen,45.190,43.544,41.075,38.695,35.978,35.799,36.226,Thüringen

324.,Voerde (Niederrhein),28.241,31.588,36.415,38.979,37.406,36.047,36.196,Nordrhein-Westfalen

325.,Meppen,18.697,28.135,30.508,33.412,34.944,35.457,36.117,Niedersachsen

326.,Limburg an der Lahn,15.250,28.573,29.912,33.572,33.400,35.648,36.053,Hessen

327.,Ingelheim am Rhein,18.939,19.596,21.153,24.678,24.152,35.161,36.002,Rheinland-Pfalz

328.,Crailsheim,16.763,24.685,27.917,32.085,33.021,34.661,35.760,Baden-Württemberg

329.,Bad Vilbel,18.010,25.931,25.075,29.716,31.822,34.714,35.758,Hessen

330.,Leer,30.463,31.303,31.375,33.849,34.301,34.958,35.663,Niedersachsen

331.,Lage,31.063,32.301,34.317,36.073,35.169,34.885,35.423,Nordrhein-Westfalen

332.,Mörfelden-Walldorf⁠18,11.923,30.182,29.538,32.173,34.035,34.799,35.291,Hessen

333.,Goch,27.617,28.778,29.843,32.675,34.106,34.531,35.270,Nordrhein-Westfalen

334.,St. Ingbert,29.295,41.844,40.931,39.971,37.195,35.213,35.216,Saarland

335.,Datteln,35.239,37.193,36.876,37.293,35.513,34.714,35.191,Nordrhein-Westfalen

336.,Deggendorf,19.356,30.649,30.214,31.219,31.661,33.750,35.172,Bayern

337.,Barsinghausen,21.042,32.962,33.391,34.497,33.618,34.394,35.156,Niedersachsen

338.,Steinfurt⁠17,17.357,32.303,31.484,33.955,33.901,34.431,35.102,Nordrhein-Westfalen

339.,Balingen,14.138,29.738,31.738,33.632,33.959,34.505,34.945,Baden-Württemberg

340.,Dietzenbach,13.396,25.248,29.784,32.982,33.186,34.429,34.928,Hessen

341.,Kempen,39.943,30.169,33.809,36.019,35.890,34.537,34.841,Nordrhein-Westfalen

342.,Seelze,10.321,30.336,30.974,33.192,32.782,34.260,34.742,Niedersachsen

343.,Wermelskirchen,26.810,34.737,35.865,37.016,35.437,34.597,34.739,Nordrhein-Westfalen

344.,Saarlouis,39.016,38.733,38.160,38.182,37.136,34.409,34.717,Saarland

345.,Wedel,29.590,30.493,30.752,32.060,32.203,33.935,34.538,Schleswig-Holstein

346.,Zweibrücken,32.814,34.923,33.918,35.719,33.944,34.001,34.534,Rheinland-Pfalz

346.,Viernheim,27.753,29.590,30.527,32.427,32.601,34.281,34.534,Hessen

348.,Ahrensburg,25.501,26.065,27.418,29.117,31.276,34.052,34.509,Schleswig-Holstein

349.,Merseburg,55.857,50.346,42.905,37.127,35.419,33.593,34.335,Sachsen-Anhalt

350.,Geldern,22.524,26.230,29.245,33.074,33.575,33.760,34.298,Nordrhein-Westfalen

351.,Korschenbroich,8.324⁠(a),26.169,29.227,33.782,33.078,33.484,34.187,Nordrhein-Westfalen

352.,Kornwestheim,28.830,27.037,29.198,29.831,31.292,33.743,34.130,Baden-Württemberg

353.,Radebeul,40.635,34.129,31.115,32.246,33.708,33.843,34.096,Sachsen

354.,Hemer,24.473,32.745,34.412,37.156,37.735,33.863,34.024,Nordrhein-Westfalen

355.,Biberach an der Riß,25.542,28.284,29.635,31.324,32.394,33.510,34.008,Baden-Württemberg

356.,Stuhr⁠(*),6.779⁠(a),26.418,27.457,30.799,33.344,33.565,33.952,Niedersachsen

357.,Uelzen,24.598,36.261,35.466,35.065,34.250,33.685,33.934,Niedersachsen

358.,Vechta,16.216,23.053,23.300,27.753,31.516,32.894,33.769,Niedersachsen

359.,Rheinfelden (Baden),16.469,27.415,29.148,31.642,32.330,32.919,33.581,Baden-Württemberg

360.,Schwedt/Oder,34.292,54.809,50.633,39.683,34.035,29.433,33.524,Brandenburg

361.,Bad Nauheim,14.493,26.979,28.599,30.199,31.176,32.493,33.445,Hessen

362.,Jülich,19.754,30.449,31.285,33.414,33.060,32.336,33.158,Nordrhein-Westfalen

363.,Forchheim,21.862,29.021,29.872,30.665,30.396,32.374,32.972,Bayern

364.,Lampertheim,24.362,31.449,30.800,32.231,31.337,32.660,32.870,Hessen

365.,Delbrück,5.599⁠(a),21.417,24.247,29.212,30.047,32.039,32.774,Nordrhein-Westfalen

366.,Achim,9.746⁠(a),27.680,28.974,29.735,30.143,32.084,32.752,Niedersachsen

367.,Herrenberg,12.507,25.422,27.344,29.907,31.292,31.818,32.649,Baden-Württemberg

368.,Fürstenwalde/Spree,30.841,34.515,34.413,34.044,32.468,31.992,32.646,Brandenburg

369.,Geesthacht,23.345,25.303,26.246,29.106,29.228,31.160,32.336,Schleswig-Holstein

370.,Naumburg (Saale),37.900,34.013,29.724,30.399,34.294,32.053,32.289,Sachsen-Anhalt

371.,Bernburg (Saale),45.367,42.262,39.901,33.825,35.516,32.257,32.261,Sachsen-Anhalt

372.,Itzehoe,36.150,33.613,32.817,33.549,32.368,31.796,32.258,Schleswig-Holstein

373.,Georgsmarienhütte,28.781,31.033,31.910,32.872,32.057,31.778,32.190,Niedersachsen

374.,Bramsche,10.635,23.747,28.120,30.633,30.986,31.225,32.179,Niedersachsen

375.,Nienburg/Weser,22.664,29.884,30.710,32.611,31.924,31.443,32.126,Niedersachsen

376.,Radolfzell am Bodensee,15.660,23.709,26.476,28.580,30.782,31.530,32.043,Baden-Württemberg

377.,Wernigerode,32.730,35.464,35.698,35.013,34.383,32.181,32.024,Sachsen-Anhalt

378.,Ganderkesee⁠(*),17.626,25.135,27.104,30.207,30.941,31.502,31.939,Niedersachsen

379.,Oer-Erkenschwick,24.360,27.329,28.222,30.686,30.312,31.532,31.838,Nordrhein-Westfalen

380.,Weyhe⁠(*) ⁠20,8.247⁠(a),22.890,26.050,30.240,30.362,31.011,31.672,Niedersachsen

381.,Emmerich am Rhein,24.402,29.336,28.322,28.899,29.571,30.869,31.544,Nordrhein-Westfalen

382.,Geestland⁠19,13.067,14.919,15.624,18.163,18.477,30.966,31.507,Niedersachsen

383.,Neuruppin,22.369,25.544,26.925,32.598,31.599,30.764,31.422,Brandenburg

384.,Hoyerswerda,59.144,70.705,64.888,50.203,37.379,31.790,31.356,Sachsen

385.,Altenburg,46.799,55.372,48.926,41.290,34.972,31.101,31.315,Thüringen

386.,Burgdorf,18.102,28.196,29.022,30.314,29.886,30.899,31.287,Niedersachsen

387.,Kreuztal,28.952,30.219,30.885,32.099,30.995,30.965,31.197,Nordrhein-Westfalen

388.,Rheinberg,12.070,26.332,27.886,31.193,31.587,30.933,31.150,Nordrhein-Westfalen

389.,Gevelsberg,33.667,31.485,33.217,33.621,31.518,30.733,31.097,Nordrhein-Westfalen

390.,Werl,24.619,25.808,28.554,31.623,31.655,30.702,31.045,Nordrhein-Westfalen

391.,Lohmar,17.870,23.496,27.098,30.659,31.129,30.316,30.846,Nordrhein-Westfalen

392.,Walsrode,14.318,22.650,22.750,24.053,23.978,30.220,30.819,Niedersachsen

393.,Friedberg (Hessen),16.782,24.233,24.633,26.751,27.962,29.477,30.818,Hessen

394.,Taunusstein,14.121,25.659,26.977,28.745,28.963,30.068,30.810,Hessen

395.,Weil am Rhein,20.657,26.076,27.082,28.762,29.918,30.009,30.769,Baden-Württemberg

396.,Einbeck,18.609,28.867,28.988,28.752,26.426,30.449,30.728,Niedersachsen

397.,Osterholz-Scharmbeck,15.273,23.632,24.705,31.206,30.198,30.366,30.659,Niedersachsen

398.,Ennepetal,37.137,35.729,34.270,33.725,30.486,30.117,30.652,Nordrhein-Westfalen

398.,Bad Hersfeld,23.247,28.248,30.249,30.778,30.087,30.039,30.652,Hessen

400.,Haan,20.821,28.571,29.860,29.677,29.149,30.263,30.542,Nordrhein-Westfalen

401.,Neuburg an der Donau,18.808,24.097,25.474,27.816,28.197,29.662,30.467,Bayern

402.,Friedberg,12.961,24.907,26.818,29.054,28.947,29.916,30.407,Bayern

403.,Schönebeck,46.234,44.802,42.142,36.397,33.888,30.387,30.389,Sachsen-Anhalt

404.,Andernach,27.139,27.135,28.030,29.319,29.542,30.132,30.277,Rheinland-Pfalz

405.,Gaggenau,21.124,28.533,28.761,29.721,29.032,29.932,30.250,Baden-Württemberg

406.,Bretten,11.543,22.937,24.264,27.172,28.466,29.538,30.073,Baden-Württemberg

407.,Merzig,12.161,29.714,30.031,30.869,30.355,29.700,30.051,Saarland

408.,Meschede,15.727,31.350,31.715,32.679,30.823,29.696,30.025,Nordrhein-Westfalen

409.,Schwandorf,16.190,27.166,26.393,27.820,27.736,29.020,29.990,Bayern

410.,Rietberg,20.572,23.606,24.138,28.029,28.868,29.432,29.919,Nordrhein-Westfalen

411.,Wedemark⁠(*) ⁠21,4.219⁠(a),23.530,24.758,28.373,29.063,29.550,29.814,Niedersachsen

412.,Bad Zwischenahn⁠(*) ⁠22,20.798,23.583,23.828,25.536,27.537,29.129,29.803,Niedersachsen

413.,Rendsburg,34.820,32.548,31.170,29.321,28.217,28.705,29.743,Schleswig-Holstein

414.,Werne,21.123,26.656,29.484,30.825,29.901,29.588,29.680,Nordrhein-Westfalen

415.,Waltrop,25.743,27.045,29.354,30.406,29.636,29.472,29.644,Nordrhein-Westfalen

416.,Oelde,21.123,27.579,27.759,29.227,29.276,29.133,29.644,Nordrhein-Westfalen

417.,Güstrow,37.428,37.169,37.513,32.323,30.018,29.083,29.556,Mecklenburg-Vorpommern

418.,Landsberg am Lech,14.260,18.309,21.039,25.564,28.121,29.346,29.551,Bayern

419.,Unterschleißheim,7.019⁠(a),15.897,24.180,25.633,26.416,28.824,29.523,Bayern

420.,Northeim,21.850,32.170,31.381,31.691,29.431,29.092,29.440,Niedersachsen

421.,Tönisvorst,19.872,22.228,24.844,30.347,29.699,29.249,29.319,Nordrhein-Westfalen

422.,Vaihingen an der Enz,7.850⁠(a),22.907,24.461,27.578,28.833,29.307,29.305,Baden-Württemberg

423.,Mühlheim am Main,20.820,24.490,24.303,26.082,26.881,28.534,29.252,Hessen

424.,Winnenden,14.446,22.334,23.995,27.214,27.599,28.334,29.245,Baden-Württemberg

425.,Saalfeld/Saale,33.643,34.430,32.988,29.511,26.755,29.071,29.224,Thüringen

426.,Blankenfelde-Mahlow⁠(*) ⁠25,7.192,7.383⁠(b),7.820⁠(c),10.241,25.718,28.606,29.159,Brandenburg

427.,Bühl,10.013,22.307,24.667,28.496,29.452,28.889,29.133,Baden-Württemberg

428.,Springe,12.858,30.368,29.752,29.897,29.301,29.084,29.113,Niedersachsen

429.,Kelkheim (Taunus),16.545,27.089,26.203,26.755,27.883,29.162,29.112,Hessen

430.,Riesa,49.960,52.540,45.440,39.367,34.013,29.256,29.076,Sachsen

431.,Meißen,45.609,39.619,34.575,29.398,27.545,28.231,29.011,Sachsen

432.,Rösrath,19.226,21.340,22.849,26.330,27.288,28.759,28.889,Nordrhein-Westfalen

433.,Emmendingen,16.462,24.740,23.590,24.919,26.874,28.051,28.856,Baden-Württemberg

434.,Idar-Oberstein,38.755,35.434,33.764,33.646,30.379,28.313,28.851,Rheinland-Pfalz

435.,Rödermark⁠23,9.257⁠(a),22.002,25.018,26.049,25.926,28.344,28.834,Hessen

436.,Schwelm,34.058,31.108,30.394,30.569,28.614,28.590,28.723,Nordrhein-Westfalen

437.,Höxter,32.830,32.430,33.079,33.117,31.089,28.509,28.709,Nordrhein-Westfalen

438.,Geislingen an der Steige,27.196,27.344,26.993,27.998,26.841,28.400,28.655,Baden-Württemberg

439.,Mechernich,13.233,21.673,22.755,26.003,27.154,27.986,28.567,Nordrhein-Westfalen

440.,Reinbek,15.456,25.051,24.670,24.570,25.821,28.250,28.536,Schleswig-Holstein

441.,Hattersheim am Main,9.435⁠(a),23.670,23.675,24.752,25.680,27.747,28.528,Hessen

442.,Verden (Aller),17.014,24.261,24.589,27.082,26.802,27.636,28.526,Niedersachsen

443.,Ludwigsfelde,16.738,20.604,21.665,23.031,24.044,26.936,28.424,Brandenburg

444.,Baunatal,13.077,21.366,24.941,28.020,27.642,27.915,28.339,Hessen

445.,Henstedt-Ulzburg⁠(*),10.645,18.753,21.402,24.950,27.189,28.001,28.323,Schleswig-Holstein

446.,Geilenkirchen,10.143,21.833,22.808,27.826,28.253,27.518,28.252,Nordrhein-Westfalen

447.,Kevelaer,20.555,21.614,23.309,27.060,28.328,27.955,28.232,Nordrhein-Westfalen

448.,Königsbrunn,12.973,18.006,22.035,26.539,27.406,28.075,28.231,Bayern

449.,Grimma,16.639,17.391,17.698,18.729,18.711,28.149,28.205,Sachsen

450.,Arnstadt,28.990,29.965,28.743,27.220,25.000,27.072,28.124,Thüringen

451.,Wegberg,15.611,24.654,25.445,28.543,29.100,28.130,28.074,Nordrhein-Westfalen

452.,Leichlingen (Rheinland),20.254,24.612,25.996,26.796,27.481,27.885,28.048,Nordrhein-Westfalen

453.,Zeitz,46.864,44.142,40.012,32.227,31.556,27.187,27.976,Sachsen-Anhalt

454.,Neukirchen-Vluyn,13.973,25.519,26.591,28.525,27.579,27.532,27.956,Nordrhein-Westfalen

455.,Olching,9.255⁠(a),18.981,20.702,22.796,25.018,27.930,27.927,Bayern

456.,Griesheim,16.791,20.243,21.187,24.398,26.317,27.703,27.837,Hessen

457.,Lohne (Oldenburg),15.942,18.601,20.106,24.564,26.047,27.259,27.814,Niedersachsen

458.,Sundern (Sauerland),9.525⁠(a),25.689,27.250,29.867,28.730,27.554,27.741,Nordrhein-Westfalen

459.,Teltow,15.330,15.260,14.859,17.938,22.538,27.097,27.697,Brandenburg

460.,Baesweiler,13.764,23.509,24.442,27.434,27.898,27.319,27.620,Nordrhein-Westfalen

461.,Wetter (Ruhr),30.756,29.840,28.880,29.851,28.113,27.269,27.550,Nordrhein-Westfalen

462.,Garmisch-Partenkirchen⁠(*),27.101,27.828,26.837,26.364,26.068,27.253,27.482,Bayern

463.,Schloß Holte-Stukenbrock,16.003,20.425,21.402,25.562,26.156,26.943,27.467,Nordrhein-Westfalen

464.,Wangen im Allgäu,14.462,23.259,24.589,25.982,27.461,26.927,27.411,Baden-Württemberg

465.,Overath,15.636,21.476,23.902,26.115,26.990,27.124,27.405,Nordrhein-Westfalen

466.,Butzbach,15.732,21.274,22.308,24.954,24.971,26.476,27.402,Hessen

467.,Strausberg,19.434,24.169,28.523,26.221,26.206,26.939,27.344,Brandenburg

468.,Ehingen (Donau),13.512,21.988,23.568,24.898,25.670,26.398,27.276,Baden-Württemberg

469.,Hamminkeln,4.378⁠(a),21.857,24.659,27.161,27.711,26.962,27.248,Nordrhein-Westfalen

470.,Leimen,9.318⁠(a),17.043,20.361,25.850,27.225,26.862,27.142,Baden-Württemberg

471.,Hohen Neuendorf,9.566,9.059⁠(b),8.281⁠(c),18.922,24.384,26.380,27.139,Brandenburg

472.,Rheinbach,18.824,21.841,22.990,25.943,27.392,26.949,27.102,Nordrhein-Westfalen

473.,Weinstadt⁠24,5.111⁠(a),23.244,23.999,25.484,26.421,26.916,27.088,Baden-Württemberg

474.,Wiesloch,16.145,21.746,22.947,25.528,26.034,26.605,27.049,Baden-Württemberg

475.,Werder (Havel),9.765,10.404,10.722,15.115,23.017,26.662,27.039,Brandenburg

476.,Heppenheim (Bergstraße),16.957,23.786,23.859,25.434,25.266,26.218,26.946,Hessen

477.,Pfaffenhofen an der Ilm,9.808⁠(a),15.715,19.510,22.376,24.158,26.272,26.943,Bayern

478.,Hennigsdorf,24.542,27.185,24.387,26.306,25.909,26.559,26.728,Brandenburg

479.,Heiligenhaus,28.727,29.661,29.715,28.442,26.659,26.301,26.681,Nordrhein-Westfalen

480.,Bad Neuenahr-Ahrweiler,23.869,26.141,25.178,27.061,27.398,28.634,26.669,Rheinland-Pfalz

481.,Aschersleben,37.163,35.083,32.545,27.312,29.082,26.737,26.604,Sachsen-Anhalt

482.,Remseck am Neckar⁠26,4.539⁠(a),16.593,17.459,20.013,23.355,26.508,26.549,Baden-Württemberg

483.,Neckarsulm,18.483,21.871,22.690,27.482,26.511,26.324,26.495,Baden-Württemberg

484.,Achern,7.596⁠(a),20.543,21.382,23.463,25.014,25.615,26.471,Baden-Württemberg

485.,Lauf an der Pegnitz,16.116,21.836,23.390,25.770,26.127,26.434,26.420,Bayern

486.,Groß-Gerau,13.277,21.432,22.137,23.349,23.409,25.685,26.418,Hessen

487.,Mühlacker,14.194,24.216,25.301,25.969,25.369,26.093,26.394,Baden-Württemberg

488.,Weiterstadt,7.233⁠(a),19.068,21.795,23.907,24.378,26.064,26.322,Hessen

489.,Bingen am Rhein,23.627,23.528,23.853,24.710,24.276,25.736,26.309,Rheinland-Pfalz

490.,Nordenham,28.207,30.311,28.773,28.183,26.826,26.102,26.308,Niedersachsen

491.,Zirndorf,13.388,20.978,21.494,24.950,25.965,25.748,26.234,Bayern

492.,Selm,15.552,23.762,24.891,27.240,27.001,25.802,26.163,Nordrhein-Westfalen

493.,Bad Honnef,19.943,20.907,22.577,25.004,25.213,25.759,26.061,Nordrhein-Westfalen

494.,Lübbecke,11.238,21.470,23.695,25.908,25.796,25.573,26.027,Nordrhein-Westfalen

495.,Harsewinkel,10.415,18.403,20.135,23.639,24.072,25.338,25.999,Nordrhein-Westfalen

496.,Unterhaching⁠(*),14.460,17.041,18.313,20.427,22.774,25.234,25.873,Bayern

497.,Lindau (Bodensee),25.232,24.216,24.378,23.874,24.772,25.543,25.846,Bayern

498.,Schleswig,32.270,29.798,26.998,25.093,24.058,25.322,25.832,Schleswig-Holstein

499.,Kulmbach,23.786,28.226,27.871,28.258,26.768,25.781,25.818,Bayern

500.,Helmstedt,27.326,26.718,27.034,26.101,23.937,25.544,25.779,Niedersachsen

501.,Horb am Neckar,5.001⁠(a),20.668,22.541,25.154,25.603,25.092,25.752,Baden-Württemberg

502.,Rinteln,10.865,25.849,26.979,28.392,26.879,25.487,25.721,Niedersachsen

503.,Ellwangen (Jagst),13.049,21.242,22.594,24.655,24.589,24.477,25.678,Baden-Württemberg

504.,Friedrichsdorf,3.930⁠(a),22.657,23.392,24.282,24.685,25.528,25.662,Hessen

505.,Geretsried,16.438,20.034,21.866,23.056,23.306,25.380,25.623,Bayern

506.,St. Wendel,10.086,26.702,27.059,27.303,26.208,25.438,25.583,Saarland

507.,Idstein,9.213⁠(a),18.473,20.241,22.611,23.252,25.241,25.554,Hessen

508.,Vaterstetten⁠(*) ⁠31,8.825⁠(a),17.979,18.751,20.978,22.070,24.789,25.530,Bayern

509.,Verl,15.712,18.406,19.771,23.315,24.984,25.382,25.522,Nordrhein-Westfalen

510.,Rottweil,20.532,23.673,24.002,25.180,25.659,24.975,25.513,Baden-Württemberg

511.,Brilon,13.828,24.533,25.303,27.347,26.335,25.336,25.511,Nordrhein-Westfalen

512.,Sangerhausen,32.303,33.937,32.697,25.399,29.679,25.703,25.441,Sachsen-Anhalt

513.,Öhringen,11.446,16.211,18.535,22.005,22.762,24.925,25.388,Baden-Württemberg

514.,Roth,11.722,21.657,21.737,24.858,24.417,25.232,25.367,Bayern

515.,Lennestadt,25.408,25.996,26.468,28.026,27.115,25.140,25.352,Nordrhein-Westfalen

516.,Wiehl,16.821,21.102,23.132,26.448,25.645,25.199,25.314,Nordrhein-Westfalen

517.,Salzkotten,5.909⁠(a),18.216,20.495,23.501,24.868,25.013,25.311,Nordrhein-Westfalen

518.,Obertshausen,9.096⁠(a),20.897,23.285,24.658,24.083,24.977,25.307,Hessen

519.,Lüdinghausen,12.824,17.968,20.152,22.873,24.195,24.810,25.259,Nordrhein-Westfalen

520.,Weingarten,18.181,21.991,22.987,23.491,23.875,25.158,25.257,Baden-Württemberg

521.,Delitzsch,24.435,25.248,27.051,26.331,26.344,24.755,25.244,Sachsen

522.,Pfungstadt,17.194,23.470,23.864,25.043,24.615,25.029,25.231,Hessen

523.,Petershagen,3.612⁠(a),24.063,24.543,27.040,25.750,25.045,25.222,Nordrhein-Westfalen

524.,Stutensee⁠27,6.120⁠(a),18.404,20.064,21.375,23.583,24.897,25.204,Baden-Württemberg

525.,Norden,16.976,24.384,23.815,24.957,25.116,24.767,25.179,Niedersachsen

526.,Espelkamp,12.860,23.045,26.101,26.952,25.236,24.676,25.174,Nordrhein-Westfalen

527.,Ditzingen,11.534,22.480,23.035,23.888,24.493,24.719,25.145,Baden-Württemberg

528.,Köthen (Anhalt),36.624,34.639,33.097,30.360,28.243,25.244,25.116,Sachsen-Anhalt

529.,Olpe,21.164,22.351,23.785,25.162,25.409,24.593,25.015,Nordrhein-Westfalen

530.,Plettenberg,30.288,29.046,29.083,29.031,26.321,24.978,24.954,Nordrhein-Westfalen

531.,Bad Oldesloe,18.444,20.159,21.097,23.314,24.322,24.784,24.935,Schleswig-Holstein

532.,Schmallenberg,5.207⁠(a),25.017,25.077,26.556,25.281,24.806,24.878,Nordrhein-Westfalen

533.,Meckenheim,7.997⁠(a),16.751,22.814,25.319,24.241,24.741,24.877,Nordrhein-Westfalen

534.,Sprockhövel,21.911,24.356,24.505,26.454,25.408,24.702,24.838,Nordrhein-Westfalen

535.,Syke,7.116⁠(a),18.292,19.674,23.565,24.341,24.261,24.810,Niedersachsen

536.,Zittau,43.321,41.852,34.465,27.454,28.212,24.738,24.794,Sachsen

537.,Rudolstadt,31.683,31.368,30.423,27.528,23.762,24.672,24.749,Thüringen

538.,Meiningen,25.557,25.528,25.585,22.240,21.590,24.722,24.745,Thüringen

539.,Warstein,10.438,28.329,28.363,29.028,27.170,24.520,24.647,Nordrhein-Westfalen

540.,Waldshut-Tiengen,10.389,21.410,21.913,22.070,22.859,24.067,24.605,Baden-Württemberg

541.,Rathenow,29.836,32.110,29.823,26.639,25.301,24.179,24.597,Brandenburg

542.,Ronnenberg,16.652,19.039,21.025,23.200,23.239,24.403,24.570,Niedersachsen

543.,Bad Mergentheim,12.477,19.121,21.567,22.181,22.394,24.034,24.564,Baden-Württemberg

544.,Isernhagen⁠(*) ⁠28,5.120⁠(a),19.164,21.485,22.309,22.927,24.279,24.563,Niedersachsen

545.,Markkleeberg,22.374,21.073,17.674,23.157,24.338,24.664,24.523,Sachsen

546.,Haren (Ems),7.204⁠(a),16.982,18.875,22.316,22.999,24.047,24.498,Niedersachsen

547.,Waldkraiburg,16.724,21.695,24.709,24.335,23.892,23.604,24.488,Bayern

548.,Attendorn,21.735,21.511,22.736,24.460,24.693,24.330,24.448,Nordrhein-Westfalen

549.,Herzogenaurach,12.466,16.989,20.464,23.108,23.050,23.616,24.404,Bayern

550.,Varel,12.812,24.279,24.076,24.771,24.587,23.984,24.397,Niedersachsen

551.,Bedburg,13.147,18.783,21.524,24.237,24.647,23.743,24.302,Nordrhein-Westfalen

552.,Freudenstadt,14.380,19.348,22.935,23.488,23.551,23.760,24.301,Baden-Württemberg

553.,Staßfurt,26.153,26.666,25.514,20.681,28.605,24.618,24.293,Sachsen-Anhalt

554.,Calw,13.020,23.165,22.668,23.391,23.230,23.716,24.219,Baden-Württemberg

555.,Übach-Palenberg,22.667,22.870,23.521,24.804,24.779,23.906,24.215,Nordrhein-Westfalen

556.,Riedstadt⁠30,5.024⁠(a),17.700,17.466,20.576,21.478,24.004,24.209,Hessen

557.,Sehnde,5.823⁠(a),18.178,17.614,20.759,22.944,23.554,24.157,Niedersachsen

558.,Eisenhüttenstadt,45.410,48.253,50.216,41.493,31.132,23.373,24.125,Brandenburg

559.,Wandlitz⁠(*),3.284,3.031⁠(b),2.979⁠(c),4.547,21.704,23.485,24.104,Brandenburg

560.,Moormerland⁠(*) ⁠29,4.416⁠(a),17.868,19.285,22.382,22.456,23.875,24.055,Niedersachsen

561.,Jüchen,5.734⁠(a),20.878,21.007,22.710,22.648,23.516,23.940,Nordrhein-Westfalen

562.,Alfter⁠(*),14.651,16.270,17.677,20.907,22.820,23.467,23.904,Nordrhein-Westfalen

563.,Westerstede,16.651,17.391,18.659,21.417,22.003,23.232,23.854,Niedersachsen

564.,Limbach-Oberfrohna,25.576,23.366,22.324,27.552,25.348,23.711,23.833,Sachsen

565.,Döbeln,27.855,27.011,26.827,23.128,20.242,23.467,23.763,Sachsen

566.,Starnberg,10.544,17.420,20.687,21.945,23.148,23.511,23.741,Bayern

567.,Husum,25.055,24.327,20.870,20.994,22.084,23.249,23.735,Schleswig-Holstein

568.,Korbach,22.178,22.486,22.171,24.515,23.581,23.438,23.706,Hessen

569.,Gelnhausen,10.262,18.526,19.559,21.799,21.510,23.208,23.679,Hessen

570.,Salzwedel,19.792,22.904,23.056,20.349,24.090,23.306,23.543,Sachsen-Anhalt

571.,Kaltenkirchen,7.158⁠(a),11.319,13.547,18.081,20.000,22.877,23.538,Schleswig-Holstein

572.,Hann. Münden,18.550,25.539,25.762,25.657,24.525,23.504,23.530,Niedersachsen

573.,Sonneberg,29.794,28.750,26.568,24.837,22.356,23.229,23.507,Thüringen

574.,Mosbach,13.615,23.224,24.650,25.051,24.490,23.425,23.484,Baden-Württemberg

575.,Dillenburg,10.130,23.485,24.399,25.092,23.608,23.261,23.480,Hessen

576.,Senftenberg,24.367,32.095,29.451,24.740,26.530,23.371,23.405,Brandenburg

577.,Netphen,19.861,22.453,23.293,25.034,24.101,23.033,23.363,Nordrhein-Westfalen

578.,Leutkirch im Allgäu,9.899⁠(a),19.900,20.722,21.988,21.902,23.030,23.345,Baden-Württemberg

579.,Warburg,9.360⁠(a),21.927,22.562,24.204,23.436,22.928,23.322,Nordrhein-Westfalen

580.,Quedlinburg,30.758,28.585,27.972,24.114,21.120,23.604,23.313,Sachsen-Anhalt

581.,Gersthofen,15.462,17.010,17.729,19.879,20.805,22.602,23.274,Bayern

582.,Wertheim,12.009,19.972,21.627,24.337,23.552,22.879,23.196,Baden-Württemberg

583.,Rastede⁠(*),16.662,17.453,18.526,20.008,20.817,22.782,23.180,Niedersachsen

584.,Karben,11.131,18.052,19.958,21.380,21.717,22.562,23.172,Hessen

585.,Bad Soden am Taunus,10.200,18.589,18.905,20.693,21.644,22.871,23.162,Hessen

586.,Vreden,17.150,18.361,19.421,21.718,22.551,22.676,23.161,Nordrhein-Westfalen

587.,Überlingen,12.895,18.734,20.102,20.547,21.818,22.713,23.098,Baden-Württemberg

588.,Apolda,29.003,28.965,26.507,25.899,23.131,22.209,23.072,Thüringen

589.,Weilheim in Oberbayern,14.676,17.100,18.294,20.863,21.649,22.727,23.056,Bayern

590.,Bad Kissingen,12.345,22.102,21.081,21.565,20.802,22.421,23.037,Bayern

591.,Bad Salzungen,15.623,20.777,21.260,17.086,15.851,23.177,23.013,Thüringen

592.,Wallenhorst⁠(*),2.890⁠(a),18.218,21.604,23.293,23.706,22.907,22.989,Niedersachsen

593.,Nagold,12.488,20.334,21.505,22.661,22.542,22.672,22.985,Baden-Württemberg

594.,Lengerich,21.638,20.597,21.045,22.052,22.234,22.511,22.980,Nordrhein-Westfalen

595.,Kitzingen,17.838,20.262,19.918,21.242,20.705,22.141,22.945,Bayern

595.,Friesoythe,6.131⁠(a),16.078,17.142,19.861,20.641,22.512,22.945,Niedersachsen

597.,Edewecht⁠(*),12.328,13.690,15.334,19.226,21.268,22.556,22.908,Niedersachsen

598.,Senden,7.916⁠(a),19.311,20.094,21.674,22.376,22.587,22.896,Bayern

599.,Neusäß,6.500⁠(a),18.557,20.332,21.719,21.564,22.482,22.872,Bayern

600.,Laupheim,14.355,14.970,16.286,18.460,19.796,22.579,22.863,Baden-Württemberg

601.,Herdecke,20.815,24.009,26.184,25.928,24.428,22.653,22.758,Nordrhein-Westfalen

602.,Burg,29.990,28.461,26.353,22.951,24.163,22.240,22.689,Sachsen-Anhalt

603.,Rotenburg (Wümme),16.308,19.707,19.183,21.670,21.821,22.072,22.656,Niedersachsen

604.,Stadthagen,16.574,22.704,22.778,23.802,22.272,22.347,22.643,Niedersachsen

605.,Lutherstadt Eisleben,30.482,27.372,25.874,21.062,25.489,22.668,22.639,Sachsen-Anhalt

606.,Büdingen,6.565⁠(a),17.176,18.148,20.942,21.230,22.808,22.622,Hessen

607.,Haar⁠(*),11.074⁠(a),19.682,16.518,16.975,19.430,21.609,22.555,Bayern

608.,Metzingen,14.433,19.473,20.754,21.608,22.035,22.117,22.528,Baden-Württemberg

609.,Neu Wulmstorf⁠(*),7.515⁠(a),12.691,15.466,19.898,20.846,21.473,22.450,Niedersachsen

610.,Donaueschingen,11.680,17.762,19.341,21.160,21.128,22.205,22.431,Baden-Württemberg

611.,Ottobrunn⁠(*),13.840,19.894,18.933,19.003,20.105,21.881,22.430,Bayern

612.,Bad Rappenau,5.404⁠(a),13.826,15.884,19.884,20.505,21.650,22.356,Baden-Württemberg

613.,Versmold,7.216⁠(a),18.328,18.231,20.397,20.985,21.697,22.274,Nordrhein-Westfalen

614.,Eppingen,6.708⁠(a),14.833,16.418,20.257,21.388,22.024,22.226,Baden-Württemberg

615.,Radevormwald,21.218,23.607,23.762,24.800,22.526,21.963,22.222,Nordrhein-Westfalen

616.,Ilsede⁠(*),12.157,11.931,12.219,11.781,21.866,22.206,Niedersachsen

617.,Quickborn,14.780,18.025,18.485,19.875,20.556,21.659,22.165,Schleswig-Holstein

618.,Waldkirch,11.120,18.784,19.482,19.739,20.857,21.801,22.127,Baden-Württemberg

619.,Heide,22.950,21.104,20.659,20.530,20.886,21.485,22.114,Schleswig-Holstein

620.,Eschborn,11.499,17.763,18.235,19.630,20.811,21.641,22.070,Hessen

621.,Karlsfeld⁠(*),11.687⁠(a),14.327,14.831,18.187,18.293,21.813,22.069,Bayern

622.,Schwetzingen,16.480,18.384,19.098,22.380,21.789,21.577,22.062,Baden-Württemberg

623.,Gardelegen,13.266,12.780,13.078,12.206,14.315,22.154,22.054,Sachsen-Anhalt

624.,Elsdorf,5.121⁠(a),17.495,19.944,21.692,21.193,21.745,22.021,Nordrhein-Westfalen

625.,Halle (Westf.),10.183,18.560,18.841,20.478,21.081,21.448,21.970,Nordrhein-Westfalen

626.,Glauchau,32.168,29.376,25.734,27.285,24.442,21.965,21.951,Sachsen

627.,Aichach,7.123⁠(a),15.114,17.268,20.272,20.866,21.488,21.908,Bayern

628.,Sonthofen,16.822,20.149,20.603,21.319,20.874,21.517,21.859,Bayern

629.,Flörsheim am Main,10.297,16.497,16.959,19.243,20.338,21.695,21.851,Hessen

630.,Soltau,15.835,18.921,19.714,21.906,21.829,21.292,21.808,Niedersachsen

631.,Hockenheim,15.670,15.997,17.015,20.009,21.118,21.539,21.745,Baden-Württemberg

631.,Eislingen/Fils,18.106,18.235,17.934,19.886,20.364,21.243,21.745,Baden-Württemberg

633.,Bad Harzburg,10.586,24.924,23.882,23.100,21.891,21.820,21.738,Niedersachsen

634.,Mühldorf am Inn,14.523,14.598,15.314,17.326,17.827,20.962,21.697,Bayern

635.,Geseke,13.242,20.305,17.733,19.976,20.755,21.422,21.685,Nordrhein-Westfalen

636.,Bad Krozingen,6.452⁠(a),11.596,13.041,14.970,17.063,20.783,21.684,Baden-Württemberg

637.,Westoverledingen⁠(*),14.911,15.442,16.839,19.433,19.828,21.423,21.678,Niedersachsen

638.,Lindlar⁠(*),12.780,16.991,19.307,22.341,22.074,21.430,21.665,Nordrhein-Westfalen

639.,Spremberg,22.871,23.181,24.217,26.230,24.373,21.749,21.585,Brandenburg

640.,Xanten,15.077,15.743,16.930,20.575,21.572,21.521,21.582,Nordrhein-Westfalen

641.,Seligenstadt,12.278,16.970,18.175,19.066,20.243,21.226,21.568,Hessen

642.,Stadtallendorf,15.832,20.243,21.136,21.656,21.247,21.263,21.552,Hessen

643.,Zerbst/Anhalt,19.638,19.279,18.149,16.378,23.167,21.294,21.519,Sachsen-Anhalt

644.,Eckernförde,21.299,23.081,22.426,23.304,22.614,21.637,21.507,Schleswig-Holstein

645.,Günzburg,17.820,18.509,19.066,19.599,19.561,20.958,21.486,Bayern

646.,Büren,6.188⁠(a),17.530,18.748,22.108,21.500,21.452,21.483,Nordrhein-Westfalen

647.,Rees,7.805⁠(a),17.440,18.616,21.618,22.267,21.030,21.475,Nordrhein-Westfalen

648.,Osterode am Harz,16.660,28.349,27.097,25.848,23.444,21.392,21.446,Niedersachsen

649.,Waghäusel,16.574,17.123,17.848,19.632,20.620,21.079,21.444,Baden-Württemberg

650.,Zossen,4.718⁠(d),6.541⁠(b),6.067,6.891,17.606,20.182,21.433,Brandenburg

651.,Puchheim,6.652⁠(a),17.692,19.004,19.629,19.769,21.235,21.420,Bayern

652.,Sondershausen,22.949,23.371,23.370,23.088,23.142,21.034,21.317,Thüringen

653.,Gauting⁠(*),15.153,17.886,17.948,19.029,20.005,20.687,21.276,Bayern

654.,Waren (Müritz),21.306,23.326,24.102,22.044,21.051,21.057,21.267,Mecklenburg-Vorpommern

655.,Traunstein,18.171,17.078,17.544,17.996,18.845,20.530,21.251,Bayern

656.,Wildeshausen,10.791,13.351,14.311,16.985,19.209,20.454,21.154,Niedersachsen

657.,Schramberg,18.936,19.157,19.086,18.883,21.242,21.059,21.125,Baden-Württemberg

658.,Wipperfürth,13.120,20.783,21.487,23.095,23.186,20.875,21.112,Nordrhein-Westfalen

659.,Traunreut,12.145,18.516,20.838,21.403,20.658,20.951,21.102,Bayern

660.,Wülfrath,23.387,20.912,21.987,22.531,21.299,21.003,21.100,Nordrhein-Westfalen

661.,Germersheim,9.150⁠(a),13.347,15.277,20.134,20.588,20.643,21.099,Rheinland-Pfalz

662.,Groß-Umstadt,8.704⁠(a),18.812,19.238,21.403,21.333,21.234,21.028,Hessen

663.,Zülpich,12.406⁠(a),16.538,17.298,19.444,20.005,20.440,21.025,Nordrhein-Westfalen

664.,Nördlingen,19.120,18.562,18.794,19.660,19.023,20.674,21.009,Bayern

665.,Mössingen,9.327,14.208,16.907,18.986,20.039,20.494,20.900,Baden-Württemberg

666.,Senden⁠(*),6.094⁠(a),14.428,15.341,19.562,20.778,20.358,20.895,Nordrhein-Westfalen

667.,Herborn,10.287,21.502,20.909,21.380,20.595,20.473,20.894,Hessen

668.,Panketal⁠(*)⁠34,9.109⁠(d),8.408⁠(b),7.684,11.542,19.132,20.661,20.854,Brandenburg

669.,Luckenwalde,29.000,27.496,25.668,22.389,20.471,20.586,20.839,Brandenburg

670.,Bruchköbel,8.707⁠(a),17.918,18.305,20.396,20.572,20.512,20.825,Hessen

671.,Meinerzhagen,17.749,19.042,19.907,21.884,20.838,20.529,20.812,Nordrhein-Westfalen

672.,Stadtlohn,15.470,16.723,17.713,20.237,20.631,20.290,20.807,Nordrhein-Westfalen

673.,Schortens,14.523,20.119,19.485,21.299,20.691,20.483,20.797,Niedersachsen

674.,Wittmund,6.670⁠(a),19.180,19.469,21.471,20.756,20.405,20.773,Niedersachsen

675.,Hörstel,4.940,15.542,15.772,19.371,19.883,20.335,20.766,Nordrhein-Westfalen

676.,Enger,15.808,16.128,17.194,19.963,20.010,20.469,20.705,Nordrhein-Westfalen

677.,Werdau,23.133,20.513,19.241,26.077,22.616,20.471,20.702,Sachsen

678.,Nidderau,5.797,14.082,15.639,19.689,19.859,20.556,20.700,Hessen

679.,Steinhagen⁠(*),8.397⁠(a),16.220,17.303,19.619,19.766,20.495,20.671,Nordrhein-Westfalen

680.,Schwanewede⁠(*),8.310,17.629,16.989,19.218,19.904,20.329,20.661,Niedersachsen

681.,Rheinstetten⁠33,17.348,18.814,19.405,20.333,20.552,20.178,20.659,Baden-Württemberg

682.,Bad Waldsee,7.833,14.405,16.451,19.026,19.938,20.103,20.630,Baden-Württemberg

683.,Schifferstadt,17.148,17.250,17.909,18.893,19.375,20.432,20.615,Rheinland-Pfalz

684.,Dingolfing,13.314,13.728,15.683,18.419,18.222,20.003,20.607,Bayern

685.,Neufahrn bei Freising⁠(*),8.735,14.165,15.137,17.452,19.046,20.058,20.590,Bayern

686.,Wachtberg⁠(*),11.882,16.563,17.281,18.870,20.202,20.331,20.581,Nordrhein-Westfalen

687.,Fröndenberg/Ruhr,17.779,20.627,21.252,22.995,21.915,20.566,20.548,Nordrhein-Westfalen

688.,Coswig,20.276,28.734,25.855,24.035,21.297,20.694,20.512,Sachsen

689.,Burgwedel⁠32,5.494⁠(a),18.573,18.314,19.861,20.487,20.229,20.506,Niedersachsen

690.,Uetze⁠(*),5.478,17.052,17.619,19.742,20.145,20.272,20.471,Niedersachsen

691.,Greiz,39.247,36.779,32.408,26.177,21.792,20.108,20.397,Thüringen

692.,Haßloch⁠(*),17.684,17.677,19.272,20.781,20.416,20.195,20.387,Rheinland-Pfalz

693.,Reichenbach im Vogtland,28.818,25.178,24.810,23.469,20.146,20.198,20.371,Sachsen

694.,Kleinmachnow⁠(*),14.304,13.341,11.565,15.796,19.890,20.406,20.341,Brandenburg

695.,Neustrelitz,27.806,27.201,26.124,23.333,21.207,20.128,20.340,Mecklenburg-Vorpommern

696.,Lilienthal⁠(*),13.062,15.843,16.337,17.733,18.364,19.859,20.293,Niedersachsen

697.,Duderstadt,10.943,22.846,23.021,23.156,21.722,20.281,20.286,Niedersachsen

698.,Bad Schwartau,16.754,19.510,20.224,20.098,19.714,20.240,20.255,Schleswig-Holstein

699.,Blieskastel,6.323⁠(a),22.561,22.612,23.149,21.885,20.287,20.240,Saarland

700.,Ochtrup,16.031,16.488,17.460,18.879,19.430,19.673,20.230,Nordrhein-Westfalen

701.,Telgte,14.035,16.253,17.358,18.992,19.114,19.841,20.222,Nordrhein-Westfalen

702.,Lichtenfels,11.383,20.276,20.963,21.625,20.555,20.034,20.217,Bayern

703.,Schopfheim,8.463,15.740,16.647,19.038,18.940,19.763,20.163,Baden-Württemberg

704.,Giengen an der Brenz,14.440,18.643,18.836,20.318,19.434,19.711,20.133,Baden-Württemberg

705.,Kürten⁠(*),12.932,16.371,17.516,19.570,19.639,19.716,20.128,Nordrhein-Westfalen

706.,Holzminden,24.393,22.218,21.477,21.495,20.073,19.790,20.120,Niedersachsen

707.,Leinefelde-Worbis⁠35,6.658⁠(d),13.083,16.011,15.056,19.700,20.018,20.119,Thüringen

708.,Neunkirchen-Seelscheid⁠(*),10.051,15.040,16.860,20.079,20.634,19.698,20.109,Nordrhein-Westfalen

709.,Oberkirch,8.418,16.550,17.619,19.879,19.961,19.944,20.092,Baden-Württemberg

710.,Schmalkalden,14.114,17.385,16.724,18.551,19.978,19.553,20.065,Thüringen

711.,Tettnang,13.186,14.797,16.251,17.432,18.648,19.589,20.037,Baden-Württemberg

Rang,Name,1970,1980,1990,2000,2010,2020,2022,Bundesland
